{"10_yr asterisk":{"0":0.0},"10yr_avg":{"0":1.661832579},"1mo_ago":{"0":1.9555555556},"3mo_ago":{"0":1.8},"Commodity":{"0":"CARROTS"},"Date Added":{"0":"2021-02-20"},"Region":{"0":"NORTHEAST+U.S."},"pct_change (10yr)":{"0":-24.4741873805},"pct_change (1mo)":{"0":-32.6704545455},"pct_change (3mo)":{"0":-26.8518518519},"price_today":{"0":1.3166666667}}