{"10_yr asterisk":{"0":0.0},"10yr_avg":{"0":2.6596008593},"1mo_ago":{"0":2.9827586207},"3mo_ago":{"0":2.9769444444},"Commodity":{"0":"APPLES"},"Date Added":{"0":"2021-02-20"},"Region":{"0":"NORTHEAST+U.S."},"pct_change (10yr)":{"0":41.9713937244},"pct_change (1mo)":{"0":5.7341040462},"pct_change (3mo)":{"0":5.940609988},"price_today":{"0":3.1537931034}}