{"10_yr asterisk":{"0":0.0},"10yr_avg":{"0":0.6921146116},"1mo_ago":{"0":0.7475879669},"3mo_ago":{"0":0.6916984656},"Commodity":{"0":"CARROTS"},"Date Added":{"0":"2021-02-21"},"Region":{"0":"NORTHEAST+U.S."},"adjusted":{"0":1.0},"pct_change (10yr)":{"0":-36.1020939323},"pct_change (1mo)":{"0":-32.6704545455},"pct_change (3mo)":{"0":-27.2302014495},"price_today":{"0":0.50334758}}