{"CARROTS": {"Date Added": "2021-03-07", "Region": "NORTHEAST+U.S.", "Commodity": "CARROTS", "10yr_avg": 0.00692114611646796, "3mo_ago": 0.0069169846558223705, "1mo_ago": 0.007475879668920475, "pct_change (10yr)": -36.10209393226764, "pct_change (3mo)": -27.230201449471103, "pct_change (1mo)": -32.67045454545454, "price_today": 0.005033475799812934, "10_yr asterisk": false, "adjusted": true}}