{"10_yr asterisk":{"0":0.0},"10yr_avg":{"0":1.8442653154},"1mo_ago":{"0":2.4339130435},"3mo_ago":{"0":2.269},"Commodity":{"0":"APPLES"},"Date Added":{"0":"2021-02-20"},"Region":{"0":"SOUTHWEST+U.S."},"pct_change (10yr)":{"0":31.1035775838},"pct_change (1mo)":{"0":-11.9459957504},"pct_change (3mo)":{"0":-5.5461483148},"price_today":{"0":2.1431578947}}