{"10_yr asterisk":{"0":0.0},"10yr_avg":{"0":1.1716482684},"1mo_ago":{"0":1.1666666667},"3mo_ago":{"0":1.2316666667},"Commodity":{"0":"CARROTS"},"Date Added":{"0":"2021-02-20"},"Region":{"0":"SOUTHWEST+U.S."},"pct_change (10yr)":{"0":20.7826439578},"pct_change (1mo)":{"0":21.5714285714},"pct_change (3mo)":{"0":15.1556156969},"price_today":{"0":1.4183333333}}