{"APPLES": {"Date Added": "2021-03-07", "Region": "SOUTHWEST+U.S.", "Commodity": "APPLES", "10yr_avg": 1.9962624757789185, "3mo_ago": 2.2807971363683524, "1mo_ago": 2.433913043478262, "pct_change (10yr)": 10.918953335794827, "pct_change (3mo)": -6.03469898470098, "pct_change (1mo)": -11.945995750361996, "price_today": 2.1431578947368424, "10_yr asterisk": false, "adjusted": true}}