{"Date Added": "2021-02-28", "Region": "SOUTHWEST+U.S.", "Commodity": "CARROTS", "10yr_avg": 1.2715137499508953, "3mo_ago": 1.238070430274873, "1mo_ago": 1.1666666666666667, "pct_change (10yr)": 2.1870241517482554, "pct_change (3mo)": 14.559987755982402, "pct_change (1mo)": 21.571428571428555, "price_today": 1.4183333333333332, "10_yr asterisk": false, "adjusted": true}