{"10_yr asterisk":{"0":0.0},"10yr_avg":{"0":0.763149787},"1mo_ago":{"0":0.9304589167},"3mo_ago":{"0":0.8719243436},"Commodity":{"0":"APPLES"},"Date Added":{"0":"2021-02-21"},"Region":{"0":"SOUTHWEST+U.S."},"adjusted":{"0":1.0},"pct_change (10yr)":{"0":10.9189533358},"pct_change (1mo)":{"0":-11.9459957504},"pct_change (3mo)":{"0":-6.0346989847},"price_today":{"0":0.8193063341}}