{"10_yr asterisk":{"0":0.0},"10yr_avg":{"0":0.486086103},"1mo_ago":{"0":0.4460041848},"3mo_ago":{"0":0.4733010797},"Commodity":{"0":"CARROTS"},"Date Added":{"0":"2021-02-21"},"Region":{"0":"SOUTHWEST+U.S."},"adjusted":{"0":1.0},"pct_change (10yr)":{"0":2.1870241517},"pct_change (1mo)":{"0":21.5714285714},"pct_change (3mo)":{"0":14.559987756},"price_today":{"0":0.5422136589}}